ชื่อย่อ,Company Name,ชื่อบริษัท,กลุ่มอุตสาหกรรม,2024,2023,2022,2021,2020,2019,2018,2017,2016,2015
AAV,ASIA AVIATION PUBLIC COMPANY LIMITED,บริษัท เอเชีย เอวิเอชั่น จำกัด (มหาชน),Services,,,Yes,Yes,Yes,Yes,,,,
ACE,ABSOLUTE CLEAN ENERGY PUBLIC COMPANY LIMITED,บริษัท แอ๊บโซลูท คลีน เอ็นเนอร์จี้ จำกัด (มหาชน),Resources,AAA,AA,Yes,,,,,,,
ADB,APPLIED DB PUBLIC COMPANY LIMITED,บริษัท แอ็พพลาย ดีบี จำกัด (มหาชน),Industrials,AA,A,Yes,Yes,,,,,,
ADVANC,ADVANCED INFO SERVICE PUBLIC COMPANY LIMITED,บริษัท แอดวานซ์ อินโฟร์ เซอร์วิส จำกัด (มหาชน),Technology,AA,AAA,Yes,Yes,Yes,Yes,Yes,Yes,Yes,Yes
AGE,ASIA GREEN ENERGY PUBLIC COMPANY LIMITED,บริษัท เอเชีย กรีน เอนเนอจี จำกัด (มหาชน),Resources,,BBB,Yes,Yes,Yes,Yes,Yes,,,
AH,AAPICO HITECH PUBLIC COMPANY LIMITED,บริษัท อาปิโก ไฮเทค จำกัด (มหาชน),Industrials,A,A,Yes,Yes,Yes,,Yes,,,
AJ,A.J. PLAST PUBLIC COMPANY LIMITED,บริษัท เอ.เจ.พลาสท์ จำกัด (มหาชน),Industrials,AAA,AAA,Yes,,,,,,,
AKP,AKKHIE PRAKARN PUBLIC COMPANY LIMITED,บริษัท อัคคีปราการ จำกัด (มหาชน),Services,AA,,Yes,Yes,Yes,Yes,Yes,Yes,Yes,Yes
AKR,EKARAT ENGINEERING PUBLIC COMPANY LIMITED,บริษัท เอกรัฐวิศวกรรม จำกัด (มหาชน),Industrials,BBB,,,,,,,,,
ALLA,ALLA PUBLIC COMPANY LIMITED,บริษัท ออลล่า จำกัด (มหาชน),Industrials,A,,,,,,,,,
AMATA,AMATA CORPORATION PUBLIC COMPANY LIMITED,บริษัท อมตะ คอร์ปอเรชัน จำกัด (มหาชน),Property & Construction,AAA,AAA,Yes,Yes,Yes,Yes,Yes,,,
AMATAV,AMATA VN PUBLIC COMPANY LIMITED,บริษัท อมตะ วีเอ็น จำกัด (มหาชน),Property & Construction,AA,AA,Yes,Yes,Yes,,,,,
AOT,AIRPORTS OF THAILAND PUBLIC COMPANY LIMITED,บริษัท ท่าอากาศยานไทย จำกัด (มหาชน),Services,A,A,Yes,Yes,Yes,Yes,Yes,Yes,Yes,Yes
AP,AP (THAILAND) PUBLIC COMPANY LIMITED,บริษัท เอพี (ไทยแลนด์) จำกัด (มหาชน),Property & Construction,AA,AA,Yes,,,,,,,
ARROW,ARROW SYNDICATE PUBLIC COMPANY LIMITED,บริษัท แอร์โรว์ ซินดิเคท จำกัด (มหาชน),Property & Construction,,BBB,Yes,Yes,,,,,,
ASIAN,ASIAN SEA CORPORATION PUBLIC COMPANY LIMITED,บริษัท เอเชี่ยนซี คอร์ปอเรชั่น จำกัด (มหาชน),Agro & Food Industry,,,Yes,Yes,,,,,,
ASK,ASIA SERMKIJ LEASING PUBLIC COMPANY LIMITED,บริษัท เอเซียเสริมกิจลีสซิ่ง จำกัด (มหาชน),Financials,A,,,,,,,,,
ASW,ASSETWISE PUBLIC COMPANY LIMITED,บริษัท แอสเซทไวส์ จำกัด (มหาชน),Property & Construction,AA,A,Yes,,,,,,,
AWC,ASSET WORLD CORP PUBLIC COMPANY LIMITED,บริษัท แอสเสท เวิรด์ คอร์ป จำกัด (มหาชน),Property & Construction,AA,A,Yes,Yes,,,,,,
BA,BANGKOK AIRWAYS PUBLIC COMPANY LIMITED,บริษัท การบินกรุงเทพ จำกัด (มหาชน),Services,BBB,BBB,,,,,,,,
BAFS,BANGKOK AVIATION FUEL SERVICES PUBLIC COMPANY LIMITED,บริษัท บริการเชื้อเพลิงการบินกรุงเทพ จำกัด (มหาชน),Resources,,AA,Yes,Yes,Yes,Yes,Yes,Yes,Yes,Yes
BAM,BANGKOK COMMERCIAL ASSET MANAGEMENT PUBLIC COMPANY LIMITED,บริษัทบริหารสินทรัพย์ กรุงเทพพาณิชย์ จำกัด (มหาชน),Financials,AA,AA,Yes,,,,,,,
BANPU,BANPU PUBLIC COMPANY LIMITED,บริษัท บ้านปู จำกัด (มหาชน),Resources,AAA,AAA,Yes,Yes,Yes,Yes,Yes,Yes,Yes,Yes
BAY,BANK OF AYUDHYA PUBLIC COMPANY LIMITED,ธนาคารกรุงศรีอยุธยา จำกัด (มหาชน),Financials,AAA,AAA,Yes,Yes,Yes,Yes,Yes,Yes,Yes,
BBGI,BBGI PUBLIC COMPANY LIMITED,บริษัท บีบีจีไอ จำกัด (มหาชน),Resources,AA,AA,,,,,,,,
BBL,BANGKOK BANK PUBLIC COMPANY LIMITED,ธนาคารกรุงเทพ จำกัด (มหาชน),Financials,AAA,AA,Yes,Yes,Yes,Yes,Yes,Yes,Yes,
BCH,BANGKOK CHAIN HOSPITAL PUBLIC COMPANY LIMITED,บริษัท บางกอก เชน ฮอสปิทอล จำกัด (มหาชน),Services,AA,AA,,,,,,,,
BCP,BANGCHAK CORPORATION PUBLIC COMPANY LIMITED,บริษัท บางจาก คอร์ปอเรชั่น จำกัด (มหาชน),Resources,,,Yes,Yes,Yes,Yes,Yes,Yes,Yes,Yes
BCPG,BCPG PUBLIC COMPANY LIMITED,บริษัท บีซีพีจี จำกัด (มหาชน),Resources,AAA,AA,Yes,Yes,,,,,,
BDMS,BANGKOK DUSIT MEDICAL SERVICES PUBLIC COMPANY LIMITED,บริษัท กรุงเทพดุสิตเวชการ จำกัด (มหาชน),Services,A,AA,Yes,Yes,Yes,,,,,
BEM,BANGKOK EXPRESSWAY AND METRO PUBLIC COMPANY LIMITED,บริษัท ทางด่วนและรถไฟฟ้ากรุงเทพ จำกัด (มหาชน),Services,AAA,AA,Yes,Yes,Yes,Yes,Yes,Yes,,Yes
BGC,BG CONTAINER GLASS PUBLIC COMPANY LIMITED,บริษัท บีจี คอนเทนเนอร์ กล๊าส จำกัด (มหาชน),Industrials,AAA,AA,Yes,Yes,,,,,,
BGRIM,B.GRIMM POWER PUBLIC COMPANY LIMITED,บริษัท บี.กริม เพาเวอร์ จำกัด (มหาชน),Resources,AAA,AAA,Yes,Yes,Yes,Yes,Yes,,,
BJC,BERLI JUCKER PUBLIC COMPANY LIMITED,บริษัท เบอร์ลี่ ยุคเกอร์ จำกัด (มหาชน),Services,AA,AA,Yes,Yes,Yes,,,,,
BKIH,BKI HOLDINGS PUBLIC COMPANY LIMITED,บริษัท บีเคไอ โฮลดิ้งส์ จำกัด (มหาชน),Financials,AAA,AAA,Yes,,,,,,,
BLA,BANGKOK LIFE ASSURANCE PUBLIC COMPANY LIMITED,บริษัท กรุงเทพประกันชีวิต จำกัด (มหาชน),Financials,AA,AA,Yes,Yes,,,,,,
BLC,BANGKOK LAB AND COSMETIC PUBLIC COMPANY LIMITED,บริษัท บางกอกแล็ป แอนด์ คอสเมติค จำกัด (มหาชน),Consumer Products,BBB,,,,,,,,,
BPP,BANPU POWER PUBLIC COMPANY LIMITED,บริษัท บ้านปู เพาเวอร์ จำกัด (มหาชน),Resources,AAA,AAA,Yes,Yes,Yes,Yes,Yes,,,
BRI,BRITANIA PUBLIC COMPANY LIMITED,บริษัท บริทาเนีย จำกัด (มหาชน),Property & Construction,AA,AA,,,,,,,,
BRR,BURIRAM SUGAR PUBLIC COMPANY LIMITED,บริษัท น้ำตาลบุรีรัมย์ จำกัด (มหาชน),Agro & Food Industry,,,,,Yes,,,,,
BTG,BETAGRO PUBLIC COMPANY LIMITED,บริษัท เบทาโกร จำกัด (มหาชน),Agro & Food Industry,AAA,,,,,,,,,
BTS,BTS GROUP HOLDINGS PUBLIC COMPANY LIMITED,บริษัท บีทีเอส กรุ๊ป โฮลดิ้งส์ จำกัด (มหาชน),Services,AA,AA,Yes,Yes,Yes,Yes,,,,
BWG,BETTER WORLD GREEN PUBLIC COMPANY LIMITED,บริษัท เบตเตอร์ เวิลด์ กรีน จำกัด (มหาชน),Services,,,Yes,Yes,Yes,Yes,Yes,Yes,Yes,Yes
CBG,CARABAO GROUP PUBLIC COMPANY LIMITED,บริษัท คาราบาวกรุ๊ป จำกัด (มหาชน),Agro & Food Industry,AA,A,Yes,,,,,,,
CENTEL,CENTRAL PLAZA HOTEL PUBLIC COMPANY LIMITED,บริษัท โรงแรมเซ็นทรัลพลาซา จำกัด (มหาชน),Services,AAA,A,Yes,Yes,Yes,Yes,Yes,,,
CFRESH,SEAFRESH INDUSTRY PUBLIC COMPANY LIMITED,บริษัท ซีเฟรชอินดัสตรี จำกัด (มหาชน),Agro & Food Industry,A,A,Yes,Yes,Yes,Yes,Yes,Yes,Yes,Yes
CHASE,CHASE ASIA PUBLIC COMPANY LIMITED,บริษัท เชฎฐ์ เอเชีย จำกัด (มหาชน),Financials,A,,,,,,,,,
CHO,CHO THAVEE PUBLIC COMPANY LIMITED,บริษัท ช ทวี จำกัด (มหาชน),Industrials,,,,,,Yes,Yes,Yes,Yes,Yes
CK,CH. KARNCHANG PUBLIC COMPANY LIMITED,บริษัท ช.การช่าง จำกัด (มหาชน),Property & Construction,AA,A,,Yes,Yes,,Yes,,,
CKP,CK POWER PUBLIC COMPANY LIMITED,บริษัท ซีเค พาวเวอร์ จำกัด (มหาชน),Resources,AAA,AAA,Yes,Yes,Yes,,,,,
CM,CHIANGMAI FROZEN FOODS PUBLIC COMPANY LIMITED,บริษัท เชียงใหม่โฟรเซ่นฟู้ดส์ จำกัด (มหาชน),Agro & Food Industry,A,,Yes,,Yes,,,,,
COLOR,SALEE COLOUR PUBLIC COMPANY LIMITED,บริษัท สาลี่ คัลเล่อร์ จำกัด (มหาชน),Industrials,A,A,Yes,Yes,Yes,Yes,,,,
COM7,COM7 PUBLIC COMPANY LIMITED,บริษัท คอมเซเว่น จำกัด (มหาชน),Services,AA,A,Yes,Yes,,,,,,
COTTO,SCG CERAMICS PUBLIC COMPANY LIMITED,บริษัท เอสซีจี เซรามิกส์ จำกัด (มหาชน),Property & Construction,,,Yes,,,,,,,
CPALL,CP ALL PUBLIC COMPANY LIMITED,บริษัท ซีพี ออลล์ จำกัด (มหาชน),Services,AAA,AAA,Yes,Yes,Yes,Yes,Yes,,,
CPAXT,CP AXTRA PUBLIC COMPANY LIMITED,บริษัท ซีพี แอ็กซ์ตร้า จำกัด (มหาชน),Services,AA**,AAA,,,,,,,,
CPF,CHAROEN POKPHAND FOODS PUBLIC COMPANY LIMITED,บริษัท เจริญโภคภัณฑ์อาหาร จำกัด (มหาชน),Agro & Food Industry,AAA,AAA,Yes,Yes,Yes,Yes,Yes,Yes,Yes,Yes
CPN,CENTRAL PATTANA PUBLIC COMPANY LIMITED,บริษัท เซ็นทรัลพัฒนา จำกัด (มหาชน),Property & Construction,AAA,AA,Yes,Yes,Yes,Yes,Yes,Yes,Yes,Yes
CRC,CENTRAL RETAIL CORPORATION PUBLIC COMPANY LIMITED,บริษัท เซ็นทรัล รีเทล คอร์ปอเรชั่น จำกัด (มหาชน),Services,AA,AAA,Yes,Yes,,,,,,
CSC,CROWN SEAL PUBLIC COMPANY LIMITED,บริษัท ฝาจีบ จำกัด (มหาชน),Industrials,,BBB,,Yes,,,,,,
CSL,CS LOXINFO PUBLIC COMPANY LIMITED,บริษัท ซีเอส ล็อกซอินโฟ จำกัด (มหาชน),Technology,,,,,,,,Yes,,
DELTA,DELTA ELECTRONICS (THAILAND) PUBLIC COMPANY LIMITED,บริษัท เดลต้า อีเลคโทรนิคส์ (ประเทศไทย) จำกัด (มหาชน),Technology,A,,Yes,,Yes,Yes,Yes,Yes,Yes,Yes
DEMCO,DEMCO PUBLIC COMPANY LIMITED,บริษัท เด็มโก้ จำกัด (มหาชน),Resources,BBB,A,Yes,,,,,,,
DITTO,DITTO (THAILAND) PUBLIC COMPANY LIMITED,บริษัท ดิทโต้ (ประเทศไทย) จำกัด (มหาชน),Technology,AAA,,,,,,,,,
DMT,DON MUANG TOLLWAY PUBLIC COMPANY LIMITED,บริษัท ทางยกระดับดอนเมือง จำกัด (มหาชน),Services,AA,A,Yes,,,,,,,
DRT,DIAMOND BUILDING PRODUCTS PUBLIC COMPANY LIMITED,บริษัท ผลิตภัณฑ์ตราเพชร จำกัด (มหาชน),Property & Construction,AA,AA,Yes,Yes,Yes,Yes,Yes,Yes,,
EA,ENERGY ABSOLUTE PUBLIC COMPANY LIMITED,บริษัท พลังงานบริสุทธิ์ จำกัด (มหาชน),Resources,,,Yes,Yes,Yes,Yes,Yes,,,
EASTW,EASTERN WATER RESOURCES DEVELOPMENT AND MANAGEMENT PUBLIC COMPANY LIMITED,บริษัท จัดการและพัฒนาทรัพยากรน้ำภาคตะวันออก จำกัด (มหาชน),Resources,AA,AA,Yes,Yes,Yes,Yes,Yes,Yes,Yes,Yes
EGCO,ELECTRICITY GENERATING PUBLIC COMPANY LIMITED,บริษัท ผลิตไฟฟ้า จำกัด (มหาชน),Resources,AA,AA,Yes,Yes,Yes,Yes,Yes,Yes,Yes,Yes
EPG,EASTERN POLYMER GROUP PUBLIC COMPANY LIMITED,บริษัท อีสเทิร์นโพลีเมอร์ กรุ๊ป จำกัด (มหาชน),Property & Construction,AA,AA,Yes,Yes,,,,,,
ERW,THE ERAWAN GROUP PUBLIC COMPANY LIMITED,บริษัท ดิ เอราวัณ กรุ๊ป จำกัด (มหาชน),Services,,A,,,,,,,,
ETC,EARTH TECH ENVIRONMENT PUBLIC COMPANY LIMITED,บริษัท เอิร์ธ เท็ค เอนไวรอนเมนท์ จำกัด (มหาชน),Resources,AA,AA,Yes,,,,,,,
FPI,FORTUNE PARTS INDUSTRY PUBLIC COMPANY LIMITED,บริษัท ฟอร์จูน พาร์ท อินดัสตรี้ จำกัด (มหาชน),Industrials,AA,AA,,,Yes,Yes,Yes,Yes,,
FPT,FRASERS PROPERTY (THAILAND) PUBLIC COMPANY LIMITED,บริษัท เฟรเซอร์ส พร็อพเพอร์ตี้ (ประเทศไทย) จำกัด (มหาชน),Property & Construction,AA,AA,Yes,Yes,Yes,,,,,
GABLE,G-ABLE PUBLIC COMPANY LIMITED,บริษัท จีเอเบิล จำกัด (มหาชน),Technology,BBB,,,,,,,,,
GCAP,G CAPITAL PUBLIC COMPANY LIMITED,บริษัท จี แคปปิตอล จำกัด (มหาชน),Financials,A,BBB,,Yes,Yes,,,Yes,Yes,Yes
GFPT,GFPT PUBLIC COMPANY LIMITED,บริษัท จีเอฟพีที จำกัด (มหาชน),Agro & Food Industry,,BBB,Yes,Yes,Yes,Yes,Yes,Yes,,
GGC,GLOBAL GREEN CHEMICALS PUBLIC COMPANY LIMITED,บริษัท โกลบอลกรีนเคมิคอล จำกัด (มหาชน),Industrials,,,,,Yes,Yes,,,,
GLOBAL,SIAM GLOBAL HOUSE PUBLIC COMPANY LIMITED,บริษัท สยามโกลบอลเฮ้าส์ จำกัด (มหาชน),Services,AA,AA,Yes,Yes,,,,,,
GPSC,GLOBAL POWER SYNERGY PUBLIC COMPANY LIMITED,บริษัท โกลบอล เพาเวอร์ ซินเนอร์ยี่ จำกัด (มหาชน),Resources,AAA,AA,Yes,Yes,Yes,Yes,,Yes,,
GULF,GULF DEVELOPMENT PUBLIC COMPANY LIMITED,บริษัท กัลฟ์ ดีเวลลอปเมนท์ จำกัด (มหาชน),Resources,AAA,AA,Yes,Yes,Yes,Yes,,,,
GUNKUL,GUNKUL ENGINEERING PUBLIC COMPANY LIMITED,บริษัท กันกุลเอ็นจิเนียริ่ง จำกัด (มหาชน),Resources,AA,AA,Yes,Yes,,,,,,
HANA,HANA MICROELECTRONICS PUBLIC COMPANY LIMITED,บริษัท ฮานา ไมโครอิเล็คโทรนิคส จำกัด (มหาชน),Technology,AA,AA,Yes,Yes,Yes,,,,,
HARN,HARN ENGINEERING SOLUTIONS PUBLIC COMPANY LIMITED,บริษัท หาญ เอ็นจิเนียริ่ง โซลูชั่นส์ จำกัด (มหาชน),Industrials,A,,,,,,,,,
HENG,HENG LEASING AND CAPITAL PUBLIC COMPANY LIMITED,บริษัท เฮงลิสซิ่ง แอนด์ แคปปิตอล จำกัด (มหาชน),Financials,AA,A,,,,,,,,
HMPRO,HOME PRODUCT CENTER PUBLIC COMPANY LIMITED,บริษัท โฮม โปรดักส์ เซ็นเตอร์ จำกัด (มหาชน),Services,AA,AA,Yes,Yes,Yes,Yes,Yes,Yes,Yes,Yes
HTC,HAAD THIP PUBLIC COMPANY LIMITED,บริษัท หาดทิพย์ จำกัด (มหาชน),Agro & Food Industry,AA,AA,Yes,Yes,Yes,Yes,Yes,,,
ICHI,ICHITAN GROUP PUBLIC COMPANY LIMITED,บริษัท อิชิตัน กรุ๊ป จำกัด (มหาชน),Agro & Food Industry,A,A,Yes,,,Yes,,,,
III,TRIPLE I LOGISTICS PUBLIC COMPANY LIMITED,บริษัท ทริพเพิล ไอ โลจิสติกส์ จำกัด (มหาชน),Services,AA,BBB,,,,,,,,
ILINK,INTERLINK COMMUNICATION PUBLIC COMPANY LIMITED,บริษัท อินเตอร์ลิ้งค์ คอมมิวนิเคชั่น จำกัด (มหาชน),Technology,A,,Yes,Yes,Yes,Yes,,,,
ILM,INDEX LIVING MALL PUBLIC COMPANY LIMITED,บริษัท อินเด็กซ์ ลิฟวิ่งมอลล์ จำกัด (มหาชน),Services,AA,BBB,,,,,,,,
INSET,INFRASET PUBLIC COMPANY LIMITED,บริษัท อินฟราเซท จำกัด (มหาชน),Technology,BBB,,,,,,,,,
IRC,INOUE RUBBER (THAILAND) PUBLIC COMPANY LIMITED,บริษัท อีโนเว รับเบอร์ (ประเทศไทย) จำกัด (มหาชน),Industrials,A,A,Yes,Yes,Yes,Yes,Yes,Yes,,
IRPC,IRPC PUBLIC COMPANY LIMITED,บริษัท ไออาร์พีซี จำกัด (มหาชน),Resources,,AA,Yes,Yes,Yes,Yes,Yes,Yes,Yes,Yes
IT,IT CITY PUBLIC COMPANY LIMITED,บริษัท ไอที ซิตี้ จำกัด (มหาชน),Services,A,,,,,,,,,
ITEL,INTERLINK TELECOM PUBLIC COMPANY LIMITED,บริษัท อินเตอร์ลิ้งค์ เทเลคอม จำกัด (มหาชน),Technology,A,A,Yes,Yes,Yes,,,,,
IVL,INDORAMA VENTURES PUBLIC COMPANY LIMITED,บริษัท อินโดรามา เวนเจอร์ส จำกัด (มหาชน),Industrials,AAA,AA,Yes,Yes,Yes,Yes,Yes,Yes,Yes,Yes
JMART,JAYMART GROUP HOLDINGS PUBLIC COMPANY LIMITED,บริษัท เจมาร์ท กรุ๊ป โฮลดิ้งส์ จำกัด (มหาชน),Technology,A,,,,,,,,,
JMT,JMT NETWORK SERVICES PUBLIC COMPANY LIMITED,บริษัท เจ เอ็ม ที เน็ทเวอร์ค เซอร์วิสเซ็ส จำกัด (มหาชน),Financials,BBB,,,,,,,,,
JTS,JASMINE TECHNOLOGY SOLUTION PUBLIC COMPANY LIMITED,บริษัท จัสมิน เทคโนโลยี โซลูชั่น จำกัด (มหาชน),Technology,,BBB,,,,,,,,
KBANK,KASIKORNBANK PUBLIC COMPANY LIMITED,ธนาคารกสิกรไทย จำกัด (มหาชน),Financials,AAA,AAA,Yes,Yes,Yes,Yes,Yes,Yes,,Yes
KCE,KCE ELECTRONICS PUBLIC COMPANY LIMITED,บริษัท เคซีอี อีเลคโทรนิคส์ จำกัด (มหาชน),Technology,A,,,,,,,,,
KCG,KCG CORPORATION PUBLIC COMPANY LIMITED,บริษัท เคซีจี คอร์ปอเรชั่น จำกัด (มหาชน),Agro & Food Industry,A,,,,,,,,,
KEX,KERRY EXPRESS (THAILAND) PUBLIC COMPANY LIMITED,บริษัท เคอรี่ เอ็กซ์เพรส (ประเทศไทย) จำกัด (มหาชน),Services,,BBB,Yes,Yes,,,,,,
KKP,KIATNAKIN PHATRA BANK PUBLIC COMPANY LIMITED,ธนาคารเกียรตินาคินภัทร จำกัด (มหาชน) ,Financials,AA,BBB,Yes,Yes,Yes,Yes,Yes,Yes,Yes,Yes
KSL,KHON KAEN SUGAR INDUSTRY PUBLIC COMPANY LIMITED,บริษัท น้ำตาลขอนแก่น จำกัด (มหาชน),Agro & Food Industry,,BBB,,,,,,,,
KTB,KRUNG THAI BANK PUBLIC COMPANY LIMITED,ธนาคารกรุงไทย จำกัด (มหาชน),Financials,AAA,AAA,Yes,Yes,Yes,Yes,,Yes,,
KTC,KRUNGTHAI CARD PUBLIC COMPANY LIMITED,บริษัท บัตรกรุงไทย จำกัด (มหาชน),Financials,AAA,AAA,Yes,Yes,Yes,Yes,,,,
KUMWEL,KUMWELL CORPORATION PUBLIC COMPANY LIMITED,บริษัท คัมเวล คอร์ปอเรชั่น จำกัด (มหาชน),Industrials,A,A,,,,,,,,
LH,LAND AND HOUSES PUBLIC COMPANY LIMITED,บริษัท แลนด์แอนด์เฮ้าส์ จำกัด (มหาชน),Property & Construction,AA,A,,,,,,,,
LHFG,LH FINANCIAL GROUP PUBLIC COMPANY LIMITED,บริษัท แอล เอช ไฟแนนซ์เชียล กรุ๊ป จำกัด (มหาชน),Financials,A,BBB,Yes,Yes,,,,,,
LIT,LEASE IT PUBLIC COMPANY LIMITED,บริษัท ลีซ อิท จำกัด (มหาชน),Financials,,BBB,Yes,Yes,Yes,,,,,
LOXLEY,LOXLEY PUBLIC COMPANY LIMITED,บริษัท ล็อกซเล่ย์ จำกัด (มหาชน),Services,A,,,,,,,,,
LPN,L.P.N. DEVELOPMENT PUBLIC COMPANY LIMITED,บริษัท แอล.พี.เอ็น.ดีเวลลอปเมนท์ จำกัด (มหาชน),Property & Construction,,,,Yes,Yes,Yes,Yes,,Yes,Yes
M-CHAI,MAHACHAI HOSPITAL PUBLIC COMPANY LIMITED,บริษัท โรงพยาบาลมหาชัย จำกัด (มหาชน),Services,AAA,AAA,Yes,Yes,Yes,Yes,,,,
MAJOR,MAJOR CINEPLEX GROUP PUBLIC COMPANY LIMITED,บริษัท เมเจอร์ ซีนีเพล็กซ์ กรุ้ป จำกัด (มหาชน),Services,AA,AA,Yes,Yes,Yes,,,,,
MBK,MBK PUBLIC COMPANY LIMITED,บริษัท เอ็ม บี เค จำกัด (มหาชน),Property & Construction,A,,,,,,,,,
MC,MC GROUP PUBLIC COMPANY LIMITED,บริษัท แม็คกรุ๊ป จำกัด (มหาชน),Services,AAA,AA,,,,,,,,
MEGA,MEGA LIFESCIENCES PUBLIC COMPANY LIMITED,บริษัท เมก้า ไลฟ์ไซแอ็นซ์ จำกัด (มหาชน),Services,A,A,Yes,,,,,,,
MFC,MFC ASSET MANAGEMENT PUBLIC COMPANY LIMITED,บริษัทหลักทรัพย์จัดการกองทุน เอ็มเอฟซี จำกัด (มหาชน),Financials,A,,,,,,,,,
MFEC,MFEC PUBLIC COMPANY LIMITED,บริษัท เอ็ม เอฟ อี ซี จำกัด (มหาชน),Technology,AAA,AA,,,,,,,,
MICRO,MICRO LEASING PUBLIC COMPANY LIMITED,บริษัท ไมโครลิสซิ่ง จำกัด (มหาชน),Financials,BBB,,,,,,,,,
MINT,MINOR INTERNATIONAL PUBLIC COMPANY LIMITED,บริษัท ไมเนอร์ อินเตอร์เนชั่นแนล จำกัด (มหาชน),Services,AA,AA,Yes,Yes,Yes,Yes,Yes,Yes,Yes,Yes
MODERN,MODERNFORM GROUP PUBLIC COMPANY LIMITED,บริษัท โมเดอร์นฟอร์มกรุ๊ป จำกัด (มหาชน),Consumer Products,A,,,,,,,,,
MOONG,MOONG PATTANA INTERNATIONAL PUBLIC COMPANY LIMITED,บริษัท มุ่งพัฒนา อินเตอร์แนชชั่นแนล จำกัด (มหาชน),Consumer Products,A,A,,,,,,,,
MOSHI,MOSHI MOSHI RETAIL CORPORATION PUBLIC COMPANY LIMITED,บริษัท โมชิ โมชิ รีเทล คอร์ปอเรชั่น จำกัด (มหาชน),Services,A,,,,,,,,,
MSC,METRO SYSTEMS CORPORATION PUBLIC COMPANY LIMITED,บริษัท เมโทรซิสเต็มส์คอร์ปอเรชั่น จำกัด (มหาชน),Technology,A,A,Yes,Yes,Yes,,,,,
MTC,MUANGTHAI CAPITAL PUBLIC COMPANY LIMITED,บริษัท เมืองไทย แคปปิตอล จำกัด (มหาชน),Financials,AAA,A,Yes,Yes,Yes,Yes,,,,
MTI,MUANG THAI INSURANCE PUBLIC COMPANY LIMITED,บริษัท เมืองไทยประกันภัย จำกัด (มหาชน),Financials,AA,,,,,,,,,
NDR,N.D. RUBBER PUBLIC COMPANY LIMITED,บริษัท เอ็น.ดี.รับเบอร์ จำกัด (มหาชน),Industrials,,A,,,,,,,,
NER,NORTH EAST RUBBER PUBLIC COMPANY LIMITED,บริษัท นอร์ทอีส รับเบอร์ จำกัด (มหาชน),Agro & Food Industry,A,A,Yes,,,,,,,
NOBLE,NOBLE DEVELOPMENT PUBLIC COMPANY LIMITED,บริษัท โนเบิล ดีเวลลอปเมนท์ จำกัด (มหาชน),Property & Construction,AAA,AA,Yes,,,,,,,
NRF,NR INSTANT PRODUCE PUBLIC COMPANY LIMITED,บริษัท เอ็นอาร์ อินสแตนท์ โปรดิวซ์ จำกัด (มหาชน),Agro & Food Industry,,A,Yes,Yes,,,,,,
NVD,NIRVANA DEVELOPMENT PUBLIC COMPANY LIMITED,บริษัท เนอวานา ดีเวลลอปเม้นท์ จำกัด (มหาชน),Property & Construction,A**,AA,Yes,Yes,,,,,,
NYT,NAMYONG TERMINAL PUBLIC COMPANY LIMITED,บริษัท นามยง เทอร์มินัล จำกัด (มหาชน),Services,AA,A,Yes,Yes,Yes,Yes,Yes,Yes,Yes,
OR,PTT OIL AND RETAIL BUSINESS PUBLIC COMPANY LIMITED,บริษัท ปตท. น้ำมันและการค้าปลีก จำกัด (มหาชน),Resources,AAA,AAA,Yes,,,,,,,
ORI,ORIGIN PROPERTY PUBLIC COMPANY LIMITED,บริษัท ออริจิ้น พร็อพเพอร์ตี้ จำกัด (มหาชน),Property & Construction,AAA,AA,Yes,Yes,,,,,,
OSP,OSOTSPA PUBLIC COMPANY LIMITED,บริษัท โอสถสภา จำกัด (มหาชน),Agro & Food Industry,AA,AA,Yes,Yes,,,,,,
PEER,PEER FOR YOU PUBLIC COMPANY LIMITED,บริษัท เพียร์ ฟอร์ ยู จำกัด (มหาชน),Services,,A,Yes,Yes,Yes,,,,,
PAP,PACIFIC PIPE PUBLIC COMPANY LIMITED,บริษัท แปซิฟิกไพพ์ จำกัด (มหาชน),Industrials,,A,Yes,,,,,,,
PB,PRESIDENT BAKERY PUBLIC COMPANY LIMITED,บริษัท เพรซิเดนท์ เบเกอรี่ จำกัด (มหาชน),Agro & Food Industry,AAA,AA,,,,,,,,
PCC,PRECISE CORPORATION PUBLIC COMPANY LIMITED,บริษัท พรีไซซ คอร์ปอเรชั่น จำกัด (มหาชน),Industrials,A,,,,,,,,,
PCSGH,P.C.S. MACHINE GROUP HOLDING PUBLIC COMPANY LIMITED,บริษัท พี.ซี.เอส.แมชีน กรุ๊ปโฮลดิ้ง จำกัด (มหาชน),Industrials,A,BBB,Yes,Yes,Yes,Yes,Yes,Yes,Yes,
PDJ,PRANDA JEWELRY PUBLIC COMPANY LIMITED,บริษัท แพรนด้า จิวเวลรี่ จำกัด (มหาชน),Consumer Products,BBB,,,,,,,Yes,,Yes
PG,PEOPLE'S GARMENT PUBLIC COMPANY LIMITED,บริษัท ประชาอาภรณ์ จำกัด (มหาชน),Consumer Products,,,,,,,,,,Yes
PHOL,PHOL DHANYA PUBLIC COMPANY LIMITED,บริษัท ผลธัญญะ จำกัด (มหาชน),Industrials,A,A,,,Yes,Yes,,,,
PJW,PANJAWATTANA PLASTIC PUBLIC COMPANY LIMITED,บริษัท ปัญจวัฒนาพลาสติก จำกัด (มหาชน),Industrials,,A,Yes,,,,,,,
PLANB,PLAN B MEDIA PUBLIC COMPANY LIMITED,บริษัท แพลน บี มีเดีย จำกัด (มหาชน),Services,AA,AA,Yes,Yes,,,,,,
PM,PREMIER MARKETING PUBLIC COMPANY LIMITED,บริษัท พรีเมียร์ มาร์เก็ตติ้ง จำกัด (มหาชน),Agro & Food Industry,A,A,Yes,Yes,Yes,Yes,Yes,Yes,Yes,
PPP,PREMIER PRODUCTS PUBLIC COMPANY LIMITED,บริษัท พรีเมียร์ โพรดักส์ จำกัด (มหาชน),Property & Construction,,A,,Yes,Yes,Yes,Yes,,Yes,Yes
PPS,PROJECT PLANNING SERVICE PUBLIC COMPANY LIMITED,บริษัท โปรเจค แพลนนิ่ง เซอร์วิส จำกัด (มหาชน),Property & Construction,AA,AA,Yes,Yes,Yes,Yes,Yes,Yes,Yes,Yes
PR9,PRARAM 9 HOSPITAL PUBLIC COMPANY LIMITED,บริษัท โรงพยาบาลพระรามเก้า จำกัด (มหาชน),Services,AAA,AAA,Yes,Yes,,,,,,
PRIME,PRIME ROAD POWER PUBLIC COMPANY LIMITED,บริษัท ไพร์ม โรด เพาเวอร์ จำกัด (มหาชน),Resources,BBB,,,,,,,,,
PSH,PRUKSA HOLDING PUBLIC COMPANY LIMITED,บริษัท พฤกษา โฮลดิ้ง จำกัด (มหาชน),Property & Construction,AA,BBB,Yes,Yes,Yes,Yes,Yes,Yes,Yes,
PSL,PRECIOUS SHIPPING PUBLIC COMPANY LIMITED,บริษัท พรีเชียส ชิพปิ้ง จำกัด (มหาชน),Services,AA,A,Yes,,,,,,,Yes
PT,PREMIER TECHNOLOGY PUBLIC COMPANY LIMITED,บริษัท พรีเมียร์ เทคโนโลยี จำกัด (มหาชน),Technology,,,,Yes,Yes,Yes,Yes,,,
PTG,PTG ENERGY PUBLIC COMPANY LIMITED,บริษัท พีทีจี เอ็นเนอยี จำกัด (มหาชน),Resources,,,,Yes,Yes,Yes,Yes,,,
PTT,PTT PUBLIC COMPANY LIMITED,บริษัท ปตท. จำกัด (มหาชน),Resources,AAA,AAA,Yes,Yes,Yes,Yes,Yes,Yes,,Yes
PTTEP,PTT EXPLORATION AND PRODUCTION PUBLIC COMPANY LIMITED,บริษัท ปตท. สำรวจและผลิตปิโตรเลียม จำกัด (มหาชน),Resources,AA**,AAA,Yes,Yes,Yes,Yes,Yes,Yes,,Yes
PTTGC,PTT GLOBAL CHEMICAL PUBLIC COMPANY LIMITED,บริษัท พีทีที โกลบอล เคมิคอล จำกัด (มหาชน),Industrials,AAA,AAA,Yes,Yes,Yes,Yes,Yes,Yes,Yes,Yes
Q-CON,QUALITY CONSTRUCTION PRODUCTS PUBLIC COMPANY LIMITED,บริษัท ควอลิตี้คอนสตรัคชั่นโปรดัคส์ จำกัด (มหาชน),Property & Construction,BBB,,,,,,,,,
QLT,QUALITECH PUBLIC COMPANY LIMITED,บริษัท ควอลลีเทค จำกัด (มหาชน),Services,BBB,,,,,,,,,
QTC,QTC ENERGY PUBLIC COMPANY LIMITED,บริษัท คิวทีซี เอนเนอร์ยี่ จำกัด (มหาชน),Industrials,AA,A,,,,,,,,Yes
RATCH,RATCH GROUP PUBLIC COMPANY LIMITED,บริษัท ราช กรุ๊ป จำกัด (มหาชน),Resources,AAA,AA,Yes,Yes,Yes,Yes,Yes,Yes,Yes,Yes
RBF,R&B FOOD SUPPLY PUBLIC COMPANY LIMITED,บริษัท อาร์ แอนด์ บี ฟู้ด ซัพพลาย จำกัด (มหาชน),Agro & Food Industry,A,BBB,,,,,,,,
RS,RS PUBLIC COMPANY LIMITED,บริษัท อาร์เอส จำกัด (มหาชน),Services,,AA,Yes,Yes,,,,,,
S,SINGHA ESTATE PUBLIC COMPANY LIMITED,บริษัท สิงห์ เอสเตท จำกัด (มหาชน),Property & Construction,AA,A,Yes,Yes,Yes,Yes,,,,
S&J,S & J INTERNATIONAL ENTERPRISES PUBLIC COMPANY LIMITED,บริษัท เอส แอนด์ เจ อินเตอร์เนชั่นแนล เอนเตอร์ไพรส์ จำกัด (มหาชน),Consumer Products,AA,AA,Yes,Yes,Yes,Yes,Yes,Yes,Yes,Yes
SABINA,SABINA PUBLIC COMPANY LIMITED,บริษัท ซาบีน่า จำกัด (มหาชน),Consumer Products,AAA,AAA,Yes,Yes,,,,,,
SAK,SAKSIAM LEASING PUBLIC COMPANY LIMITED,บริษัท ศักดิ์สยามลิสซิ่ง จำกัด (มหาชน),Financials,A,A,Yes,Yes,,,,,,
SAPPE,SAPPE PUBLIC COMPANY LIMITED,บริษัท เซ็ปเป้ จำกัด (มหาชน),Agro & Food Industry,A,BBB,Yes,,,,,,Yes,
SAT,SOMBOON ADVANCE TECHNOLOGY PUBLIC COMPANY LIMITED,บริษัท สมบูรณ์ แอ๊ดวานซ์ เทคโนโลยี จำกัด (มหาชน),Industrials,AA,AA,Yes,Yes,Yes,Yes,Yes,Yes,Yes,Yes
SAWAD,SRISAWAD CORPORATION PUBLIC COMPANY LIMITED,บริษัท ศรีสวัสดิ์ คอร์ปอเรชั่น จำกัด (มหาชน),Financials,AA,BBB,Yes,,,,,,,
SC,SC ASSET CORPORATION PUBLIC COMPANY LIMITED,บริษัท เอสซี แอสเสท คอร์ปอเรชั่น จำกัด (มหาชน),Property & Construction,AA,AA,Yes,Yes,Yes,Yes,Yes,Yes,Yes,Yes
SCB,SCB X PUBLIC COMPANY LIMITED,บริษัท เอสซีบี เอกซ์ จำกัด (มหาชน),Financials,AA,AA,Yes,Yes,Yes,Yes,Yes,Yes,Yes,
SCC,THE SIAM CEMENT PUBLIC COMPANY LIMITED,บริษัท ปูนซิเมนต์ไทย จำกัด(มหาชน),Property & Construction,AAA,AAA,Yes,Yes,Yes,Yes,Yes,Yes,Yes,Yes
SCCC,SIAM CITY CEMENT PUBLIC COMPANY LIMITED,บริษัท ปูนซีเมนต์นครหลวง จำกัด (มหาชน),Property & Construction,AA,AA,Yes,Yes,Yes,Yes,,,,
SCG,RATCH PATHANA ENERGY PUBLIC COMPANY LIMITED,บริษัท ราชพัฒนา เอ็นเนอร์ยี จำกัด (มหาชน),Resources,AA,A,Yes,Yes,Yes,Yes,Yes,,,Yes
SCGD,SCG DÉCOR PUBLIC COMPANY LIMITED,บริษัท เอสซีจี เดคคอร์ จำกัด (มหาชน),Property & Construction,A,,,,,,,,,
SCGP,SCG PACKAGING PUBLIC COMPANY LIMITED,บริษัท เอสซีจี แพคเกจจิ้ง จำกัด (มหาชน),Industrials,AAA,AAA,Yes,Yes,,,,,,
SELIC,SELIC CORP PUBLIC COMPANY LIMITED,บริษัท ซีลิค คอร์พ จำกัด (มหาชน),Industrials,A,A,Yes,Yes,,,,,,
SENA,SENADEVELOPMENT PUBLIC COMPANY LIMITED,บริษัท เสนาดีเวลลอปเม้นท์ จำกัด (มหาชน),Property & Construction,BBB,,,,,,,,,
SFLEX,STARFLEX PUBLIC COMPANY LIMITED,บริษัท สตาร์เฟล็กซ์ จำกัด (มหาชน),Industrials,A,,,,,,,,,
SGC,SG CAPITAL PUBLIC COMPANY LIMITED,บริษัท เอสจี แคปปิตอล จำกัด (มหาชน),Financials,A,,,,,,,,,
SGP,SIAMGAS AND PETROCHEMICALS PUBLIC COMPANY LIMITED,บริษัท สยามแก๊ส แอนด์ ปิโตรเคมีคัลส์ จำกัด (มหาชน),Resources,AA,AA,,,,,,,,
SHR,S HOTELS AND RESORTS PUBLIC COMPANY LIMITED,บริษัท เอส โฮเทล แอนด์ รีสอร์ท จำกัด (มหาชน),Services,AA,A,Yes,,,,,,,
SICT,SILICON CRAFT TECHNOLOGY PUBLIC COMPANY LIMITED,บริษัท ซิลิคอน คราฟท์ เทคโนโลยี จำกัด (มหาชน),Technology,A,A,Yes,,,,,,,
SIRI,SANSIRI PUBLIC COMPANY LIMITED,บริษัท แสนสิริ จำกัด (มหาชน),Property & Construction,AAA,AA,Yes,Yes,Yes,,,,,
SITHAI,SRITHAI SUPERWARE  PUBLIC COMPANY LIMITED,บริษัท ศรีไทยซุปเปอร์แวร์ จำกัด (มหาชน),Industrials,A,A,,,,,,,,
SJWD,SCGJWD LOGISTICS PUBLIC COMPANY LIMITED,บริษัท เอสซีจี เจดับเบิ้ลยูดี โลจิสติกส์ จำกัด (มหาชน),Services,AAA,AA,Yes,Yes,Yes,Yes,Yes,,,
SKR,SIKARIN PUBLIC COMPANY LIMITED,บริษัท ศิครินทร์ จำกัด (มหาชน),Services,BBB,,,,,,,,,
SMPC,SAHAMITR PRESSURE CONTAINER PUBLIC COMPANY LIMITED,บริษัท สหมิตรถังแก๊ส จำกัด (มหาชน),Industrials,AA,AA,,,,,,,,
SNC,SNC FORMER PUBLIC COMPANY LIMITED,บริษัท เอส เอ็น ซี ฟอร์เมอร์ จำกัด (มหาชน),Industrials,A,A,Yes,Yes,Yes,Yes,Yes,Yes,Yes,
SNNP,SRINANAPORN MARKETING PUBLIC COMPANY LIMITED,บริษัท ศรีนานาพร มาร์เก็ตติ้ง จำกัด (มหาชน),Agro & Food Industry,A,,,,,,,,,
SNP,S & P SYNDICATE PUBLIC COMPANY LIMITED,บริษัท เอส แอนด์ พี ซินดิเคท จำกัด (มหาชน),Agro & Food Industry,AA,A,Yes,Yes,,,,,,
SO,SIAMRAJATHANEE PUBLIC COMPANY LIMITED,บริษัท สยามราชธานี จำกัด (มหาชน),Services,BBB,,,,,,,,,
SPALI,SUPALAI PUBLIC COMPANY LIMITED,บริษัท ศุภาลัย จำกัด (มหาชน),Property & Construction,A,AA,Yes,,Yes,Yes,Yes,Yes,Yes,Yes
SPI,SAHA PATHANA INTER-HOLDING PUBLIC COMPANY LIMITED,บริษัท สหพัฒนาอินเตอร์โฮลดิ้ง จำกัด (มหาชน),Services,A,A,Yes,,Yes,Yes,,,,
SSP,SERMSANG POWER CORPORATION PUBLIC COMPANY LIMITED,บริษัท เสริมสร้าง พาวเวอร์ คอร์ปอเรชั่น จำกัด (มหาชน),Resources,AA,,,,,,,,,
SSSC,SIAM STEEL SERVICE CENTER PUBLIC COMPANY LIMITED,บริษัท ศูนย์บริการเหล็กสยาม จำกัด (มหาชน),Industrials,A,BBB,Yes,Yes,Yes,Yes,Yes,Yes,Yes,Yes
STA,SRI TRANG AGRO-INDUSTRY PUBLIC COMPANY LIMITED,บริษัท ศรีตรังแอโกรอินดัสทรี จำกัด (มหาชน),Agro & Food Industry,AAA,AAA,Yes,Yes,Yes,Yes,Yes,Yes,Yes,Yes
STECON,STECON GROUP PUBLIC COMPANY LIMITED,บริษัท สเตคอน กรุ๊ป จำกัด (มหาชน),Property & Construction,AA,A,,,,,,,,
STGT,SRI TRANG GLOVES (THAILAND) PUBLIC COMPANY LIMITED,บริษัท ศรีตรังโกลฟส์ (ประเทศไทย) จำกัด (มหาชน),Consumer Products,AAA,AAA,Yes,Yes,,,,,,
SUN,SUNSWEET PUBLIC COMPANY LIMITED,บริษัท ซันสวีท จำกัด (มหาชน),Agro & Food Industry,BBB,,,,,,,,,
SUTHA,GOLDEN LIME PUBLIC COMPANY LIMITED,บริษัท สุธากัญจน์ จำกัด (มหาชน),Industrials,AA,A,,,,,,,,
SVOA,SVOA PUBLIC COMPANY LIMITED,บริษัท เอสวีโอเอ จำกัด (มหาชน),Technology,AA,,,,,,,,,
SYMC,SYMPHONY COMMUNICATION,บริษัท ซิมโฟนี่ คอมมูนิเคชั่น จำกัด (มหาชน),Technology,BBB,,,,,,,,,
SYNEX,SYNNEX (THAILAND) PUBLIC COMPANY LIMITED,บริษัท ซินเน็ค (ประเทศไทย) จำกัด (มหาชน),Technology,AA,A,Yes,Yes,Yes,,Yes,,,Yes
SYNTEC,SYNTEC CONSTRUCTION PUBLIC COMPANY LIMITED,บริษัท ซินเท็ค คอนสตรัคชั่น จำกัด (มหาชน),Property & Construction,,A,Yes,Yes,Yes,Yes,Yes,Yes,,
TASCO,TIPCO ASPHALT PUBLIC COMPANY LIMITED,บริษัท ทิปโก้แอสฟัลท์ จำกัด (มหาชน),Property & Construction,AA,,,,Yes,Yes,Yes,,,
TCAP,THANACHART CAPITAL PUBLIC COMPANY LIMITED,บริษัท ทุนธนชาต จำกัด (มหาชน),Financials,AA,A,,,,,,,,
TEGH,THAI EASTERN GROUP HOLDINGS PUBLIC COMPANY LIMITED,บริษัท ไทยอีสเทิร์น กรุ๊ป โฮลดิ้งส์ จำกัด (มหาชน),Agro & Food Industry,AAA,,,,,,,,,
TFG,THAIFOODS GROUP PUBLIC COMPANY LIMITED,บริษัท ไทยฟู้ดส์ กรุ๊ป จำกัด (มหาชน),Agro & Food Industry,AA,A,Yes,Yes,Yes,Yes,,,,
TFMAMA,THAI PRESIDENT FOODS PUBLIC COMPANY LIMITED,บริษัท ไทยเพรซิเดนท์ฟูดส์ จำกัด (มหาชน),Agro & Food Industry,AAA,AAA,Yes,Yes,Yes,Yes,,,,Yes
TGE,THACHANG GREEN ENERGY PUBLIC COMPANY LIMITED,บริษัท ท่าฉาง กรีน เอ็นเนอร์ยี่ จำกัด (มหาชน),Resources,A,,,,,,,,,
TGH,THAI GROUP HOLDINGS PUBLIC COMPANY LIMITED,บริษัท ไทยกรุ๊ป โฮลดิ้งส์ จำกัด (มหาชน),Financials,AA,A,,,,,,,,
THAI,THAI AIRWAYS INTERNATIONAL PUBLIC COMPANY LIMITED,บริษัท การบินไทย จำกัด (มหาชน),Services,,,,,,,,,,Yes
THANA,THANASIRI GROUP PUBLIC COMPANY LIMITED,บริษัท ธนาสิริ กรุ๊ป จำกัด (มหาชน),Property & Construction,BBB,BBB,,,,,,,,
THANI,RATCHTHANI LEASING PUBLIC COMPANY LIMITED,บริษัท ราชธานีลิสซิ่ง จำกัด (มหาชน),Financials,AA,AA,Yes,Yes,,,,,,
THCOM,THAICOM PUBLIC COMPANY LIMITED,บริษัท ไทยคม จำกัด (มหาชน),Technology,AAA,AAA,Yes,Yes,Yes,Yes,Yes,Yes,Yes,Yes
THIP,THANTAWAN INDUSTRY PUBLIC COMPANY LIMITED,บริษัท ทานตะวันอุตสาหกรรม จำกัด (มหาชน),Industrials,A,A,Yes,Yes,Yes,Yes,,,,
THREL,THAIRE LIFE ASSURANCE PUBLIC COMPANY LIMITED,บริษัท ไทยรีประกันชีวิต จำกัด (มหาชน),Financials,A,A,Yes,Yes,,,,,,
TIPCO,TIPCO FOODS PUBLIC COMPANY LIMITED,บริษัท ทิปโก้ฟูดส์ จำกัด (มหาชน),Agro & Food Industry,,,,Yes,Yes,,,,,
TISCO,TISCO FINANCIAL GROUP PUBLIC COMPANY LIMITED,บริษัท ทิสโก้ไฟแนนเชียลกรุ๊ป จำกัด (มหาชน),Financials,AAA,AAA,Yes,Yes,Yes,Yes,Yes,Yes,,
TKS,T.K.S. TECHNOLOGIES PUBLIC COMPANY LIMITED,บริษัท ที.เค.เอส. เทคโนโลยี จำกัด (มหาชน),Services,A,A,Yes,,,,,,,
TLI,THAI LIFE INSURANCE PUBLIC COMPANY LIMITED,บริษัท ไทยประกันชีวิต จำกัด (มหาชน),Financials,A,,,,,,,,,
TMILL,T S FLOUR MILL PUBLIC COMPANY LIMITED,บริษัท ที เอส ฟลาวมิลล์ จำกัด (มหาชน),Agro & Food Industry,,,,Yes,,,,,,
TMT,TMT STEEL PUBLIC COMPANY LIMITED,บริษัท ทีเอ็มที สตีล จำกัด (มหาชน),Industrials,AAA,AA,Yes,Yes,Yes,,,,,
TNDT,THAI NONDESTRUCTIVE TESTING PUBLIC COMPANY LIMITED,บริษัท ไทย เอ็น ดี ที จำกัด (มหาชน),Services,,,Yes,,,,,,,
TNL,THANULUX PUBLIC COMPANY LIMITED,บริษัท ธนูลักษณ์ จำกัด (มหาชน),Consumer Products,,,,Yes,,,,,,
TOA,TOA PAINT (THAILAND) PUBLIC COMPANY LIMITED,บริษัท ทีโอเอ เพ้นท์ (ประเทศไทย) จำกัด (มหาชน),Property & Construction,A,A,Yes,Yes,Yes,,,,,
TOG,THAI OPTICAL GROUP PUBLIC COMPANY LIMITED,บริษัท ไทยออพติคอล กรุ๊ป จำกัด (มหาชน),Consumer Products,A,A,Yes,Yes,Yes,,,,,Yes
TOP,THAI OIL PUBLIC COMPANY LIMITED,บริษัท ไทยออยล์ จำกัด (มหาชน),Resources,AAA,AAA,Yes,Yes,Yes,Yes,Yes,Yes,Yes,Yes
TPAC,THAI PLASPAC,บริษัท พลาสติค และหีบห่อไทย จำกัด (มหาชน),Industrials,AA,,,,,,,,,
TPBI,TPBI PUBLIC COMPANY LIMITED,บริษัท ทีพีบีไอ จำกัด (มหาชน),Industrials,AAA,AA,Yes,Yes,Yes,,,,,
TPCS,TPCS PUBLIC COMPANY LIMITED,บริษัท ทีพีซีเอส จำกัด (มหาชน),Industrials,A,BBB,Yes,Yes,Yes,,,,,
TPIPL,TPI POLENE PUBLIC COMPANY LIMITED,บริษัท ทีพีไอ โพลีน จำกัด (มหาชน),Property & Construction,AA,AA,Yes,,,,,,,
TPIPP,TPI POLENE POWER PUBLIC COMPANY LIMITED,บริษัท ทีพีไอ โพลีน เพาเวอร์ จำกัด (มหาชน),Resources,AAA,AA,Yes,,,,,,,
TQM,TQM ALPHA PUBLIC COMPANY LIMITED,บริษัท ทีคิวเอ็ม อัลฟา จำกัด (มหาชน),Financials,A,BBB,Yes,Yes,,,,,,
TRUBB,THAI RUBBER LATEX GROUP PUBLIC COMPANY LIMITED,บริษัท ไทยรับเบอร์ลาเท็คซ์กรุ๊ป จำกัด (มหาชน),Agro & Food Industry,AA,,,,,,,,,
TRUE,TRUE CORPORATION PUBLIC COMPANY LIMITED,บริษัท ทรู คอร์ปอเรชั่น จำกัด (มหาชน),Technology,,,,,Yes,Yes,Yes,,,
TSC,THAI STEEL CABLE PUBLIC COMPANY LIMITED,บริษัท ไทยสตีลเคเบิล จำกัด (มหาชน),Industrials,A,A,Yes,Yes,Yes,Yes,Yes,Yes,,
TSTH,TATA STEEL (THAILAND) PUBLIC COMPANY LIMITED,บริษัท ทาทา สตีล (ประเทศไทย) จำกัด (มหาชน),Industrials,A,A,Yes,Yes,Yes,Yes,Yes,Yes,,Yes
TTA,THORESEN THAI AGENCIES PUBLIC COMPANY LIMITED,บริษัท โทรีเซนไทย เอเยนต์ซีส์ จำกัด (มหาชน),Services,AA,AA,Yes,,,,,,,
TTB,TMBTHANACHART BANK PUBLIC COMPANY LIMITED,ธนาคารทหารไทยธนชาต จำกัด (มหาชน),Financials,AAA,AA,Yes,Yes,Yes,Yes,Yes,,,
TTCL,TTCL PUBLIC COMPANY LIMITED,บริษัท ทีทีซีแอล จำกัด (มหาชน),Property & Construction,A,A,Yes,Yes,Yes,Yes,Yes,Yes,,
TTW,TTW PUBLIC COMPANY LIMITED,บริษัท ทีทีดับบลิว จำกัด (มหาชน),Resources,AA,AA,Yes,Yes,Yes,Yes,Yes,Yes,Yes,
TU,THAI UNION GROUP PUBLIC COMPANY LIMITED,บริษัท ไทยยูเนี่ยน กรุ๊ป จำกัด (มหาชน),Agro & Food Industry,A,,,,Yes,Yes,,Yes,Yes,Yes
TVDH,TVD HOLDINGS PUBLIC COMPANY LIMITED,บริษัท ทีวีดี โฮลดิ้งส์ จำกัด (มหาชน) ,Services,,BBB,Yes,Yes,Yes,,,Yes,Yes,
TVO,THAI VEGETABLE OIL PUBLIC COMPANY LIMITED,บริษัท น้ำมันพืชไทย จำกัด (มหาชน),Agro & Food Industry,AAA,AA,Yes,Yes,Yes,Yes,Yes,,Yes,
TWPC,THAI WAH PUBLIC COMPANY LIMITED,บริษัท ไทยวา จำกัด (มหาชน),Agro & Food Industry,A,A,Yes,Yes,Yes,Yes,,,,
UAC,UAC GLOBAL PUBLIC COMPANY LIMITED,บริษัท ยูเอซี โกลบอล จำกัด (มหาชน),Industrials,A,,Yes,Yes,Yes,Yes,Yes,Yes,Yes,
UBE,UBON BIO ETHANOL PUBLIC COMPANY LIMITED,บริษัท อุบล ไบโอ เอทานอล จำกัด (มหาชน),Resources,A,A,,,,,,,,
UKEM,UNION PETROCHEMICAL PUBLIC COMPANY LIMITED,บริษัท ยูเนี่ยน ปิโตรเคมีคอล จำกัด (มหาชน),Industrials,,,Yes,,,,,,,
UPF,UNION PIONEER PUBLIC COMPANY LIMITED,บริษัท ยูเนี่ยนไพโอเนียร์ จำกัด (มหาชน),Consumer Products,BBB,BBB,,,,,,,,
UPOIC,UNITED PALM OIL INDUSTRY PUBLIC COMPANY LIMITED,บริษัท สหอุตสาหกรรมน้ำมันปาล์ม จำกัด (มหาชน),Agro & Food Industry,BBB,,,,,,,,,
VGI,VGI PUBLIC COMPANY LIMITED,บริษัท วีจีไอ จำกัด (มหาชน),Services,AA,AA,Yes,Yes,,,,,,
VIBHA,VIBHAVADI MEDICAL CENTER PUBLIC COMPANY LIMITED,บริษัท โรงพยาบาลวิภาวดี จำกัด (มหาชน),Services,BBB,,,,,,,,,
VIH,SRIVICHAIVEJVIVAT PUBLIC COMPANY LIMITED,บริษัท ศรีวิชัยเวชวิวัฒน์ จำกัด (มหาชน),Services,A,,,,,,,,,
WACOAL,THAI WACOAL PUBLIC COMPANY LIMITED,บริษัท ไทยวาโก้ จำกัด (มหาชน),Consumer Products,A,A,,,Yes,,,,,
WHA,WHA CORPORATION PUBLIC COMPANY LIMITED,บริษัท ดับบลิวเอชเอ คอร์ปอเรชั่น จำกัด (มหาชน),Property & Construction,AAA,AAA,Yes,Yes,Yes,,,,,
WHAUP,WHA UTILITIES AND POWER PUBLIC COMPANY LIMITED,บริษัท ดับบลิวเอชเอ ยูทิลิตี้ส์ แอนด์ พาวเวอร์ จำกัด (มหาชน),Resources,AAA,AAA,Yes,Yes,Yes,,,,,
WICE,WICE LOGISTICS PUBLIC COMPANY LIMITED,บริษัท ไวส์ โลจิสติกส์ จำกัด (มหาชน),Services,AA,AA,,,,,,,,
XO,EXOTIC FOOD PUBLIC COMPANY LIMITED,บริษัท เอ็กโซติค ฟู้ด จำกัด (มหาชน),Agro & Food Industry,A,,,,,,,,,
ZEN,ZEN CORPORATION GROUP PUBLIC COMPANY LIMITED,บริษัท เซ็น คอร์ปอเรชั่น กรุ๊ป จำกัด (มหาชน),Agro & Food Industry,AA,AA,Yes,Yes,,,,,,
